week,week_title,week_dates,student,name,commits,files_new,files_changed,files_deleted,files_renamed,files_touched,lines_appended,lines_rewritten,lines_removed,lines_added_total,lines_deleted_total,lines_net
W0,Discovery,11–13 сентября,S1,Ansar Zeinulla,1,12,0,0,0,12,894,0,0,894,0,894
W0,Discovery,11–13 сентября,S2,Alibi Takhtanov,1,1,0,0,0,1,166,0,0,166,0,166
W0,Discovery,11–13 сентября,S3,Abylay Otaubay,1,1,0,0,0,1,170,0,0,170,0,170
W0,Discovery,11–13 сентября,S4,Alinur Burlybayev,0,0,0,0,0,0,0,0,0,0,0,0
W0,Discovery,11–13 сентября,S5,Olzhas Nurseit,2,5,1,0,0,6,1023,1,0,1024,1,1023
W1,Скелет,14–20 сентября,S1,Ansar Zeinulla,3,21,1,0,0,22,1248,14,0,1262,14,1248
W1,Скелет,14–20 сентября,S2,Alibi Takhtanov,1,0,1,0,0,1,58,25,0,83,25,58
W1,Скелет,14–20 сентября,S3,Abylay Otaubay,1,20,0,0,0,20,3028,0,0,3028,0,3028
W1,Скелет,14–20 сентября,S4,Alinur Burlybayev,1,3,0,0,0,3,127,0,0,127,0,127
W1,Скелет,14–20 сентября,S5,Olzhas Nurseit,2,10,3,0,0,13,472,30,0,502,30,472
W2,Идентичность,21–27 сентября,S1,Ansar Zeinulla,3,22,9,3,1,35,3278,138,135,3416,273,3143
W2,Идентичность,21–27 сентября,S2,Alibi Takhtanov,1,0,1,0,0,1,58,25,0,83,25,58
W2,Идентичность,21–27 сентября,S3,Abylay Otaubay,2,15,5,0,0,20,1967,456,0,2423,456,1967
W2,Идентичность,21–27 сентября,S4,Alinur Burlybayev,1,3,0,0,0,3,145,0,0,145,0,145
W2,Идентичность,21–27 сентября,S5,Olzhas Nurseit,2,26,1,0,0,27,7742,5,0,7747,5,7742
W3,"События, каталог и регистрация",28 сентября – 4 октября,S1,Ansar Zeinulla,2,2,4,1,0,7,576,66,45,642,111,531
W3,"События, каталог и регистрация",28 сентября – 4 октября,S2,Alibi Takhtanov,3,15,4,0,0,19,3064,140,0,3204,140,3064
W3,"События, каталог и регистрация",28 сентября – 4 октября,S3,Abylay Otaubay,3,14,11,3,0,28,2389,542,178,2931,720,2211
W3,"События, каталог и регистрация",28 сентября – 4 октября,S4,Alinur Burlybayev,3,14,2,0,0,16,1456,2,0,1458,2,1456
W3,"События, каталог и регистрация",28 сентября – 4 октября,S5,Olzhas Nurseit,3,4,5,1,0,10,544,62,45,606,107,499
W4,Платные продажи и билеты,5–11 октября,S1,Ansar Zeinulla,3,10,12,3,0,25,1944,222,135,2166,357,1809
W4,Платные продажи и билеты,5–11 октября,S2,Alibi Takhtanov,3,21,10,2,0,33,7975,263,90,8238,353,7885
W4,Платные продажи и билеты,5–11 октября,S3,Abylay Otaubay,3,4,10,1,0,15,1755,553,45,2308,598,1710
W4,Платные продажи и билеты,5–11 октября,S4,Alinur Burlybayev,2,3,2,0,0,5,496,31,0,527,31,496
W4,Платные продажи и билеты,5–11 октября,S5,Olzhas Nurseit,2,2,5,0,0,7,1222,61,0,1283,61,1222
W5,Контроль входа,12–18 октября,S1,Ansar Zeinulla,1,0,5,0,0,5,300,130,0,430,130,300
W5,Контроль входа,12–18 октября,S2,Alibi Takhtanov,2,3,8,0,0,11,1598,381,60,1979,441,1538
W5,Контроль входа,12–18 октября,S3,Abylay Otaubay,1,0,2,0,0,2,75,31,0,106,31,75
W5,Контроль входа,12–18 октября,S4,Alinur Burlybayev,1,1,0,0,0,1,125,0,0,125,0,125
W5,Контроль входа,12–18 октября,S5,Olzhas Nurseit,3,10,8,1,0,19,1913,244,45,2157,289,1868
W6,"Возвраты, поддержка, админ",19–25 октября,S1,Ansar Zeinulla,3,11,16,1,0,28,2356,196,45,2552,241,2311
W6,"Возвраты, поддержка, админ",19–25 октября,S2,Alibi Takhtanov,2,6,10,0,0,16,1515,229,0,1744,229,1515
W6,"Возвраты, поддержка, админ",19–25 октября,S3,Abylay Otaubay,2,2,4,2,0,8,394,71,90,465,161,304
W6,"Возвраты, поддержка, админ",19–25 октября,S4,Alinur Burlybayev,3,16,5,1,2,24,2116,40,69,2156,109,2047
W6,"Возвраты, поддержка, админ",19–25 октября,S5,Olzhas Nurseit,3,1,8,0,0,9,598,207,0,805,207,598
W7,"Аналитика, кампании, i18n",26 октября – 1 ноября,S1,Ansar Zeinulla,1,0,2,0,0,2,75,33,0,108,33,75
W7,"Аналитика, кампании, i18n",26 октября – 1 ноября,S2,Alibi Takhtanov,2,5,4,0,0,9,1677,137,0,1814,137,1677
W7,"Аналитика, кампании, i18n",26 октября – 1 ноября,S3,Abylay Otaubay,3,8,42,0,0,50,2380,811,0,3191,811,2380
W7,"Аналитика, кампании, i18n",26 октября – 1 ноября,S4,Alinur Burlybayev,3,11,33,0,0,44,2413,447,15,2860,462,2398
W7,"Аналитика, кампании, i18n",26 октября – 1 ноября,S5,Olzhas Nurseit,1,1,1,1,0,3,118,5,45,123,50,73
W8,Релизная форма,2–8 ноября,S1,Ansar Zeinulla,3,0,26,1,0,27,1215,533,45,1748,578,1170
W8,Релизная форма,2–8 ноября,S2,Alibi Takhtanov,3,3,25,0,0,28,1536,571,0,2107,571,1536
W8,Релизная форма,2–8 ноября,S3,Abylay Otaubay,1,0,9,0,0,9,275,120,0,395,120,275
W8,Релизная форма,2–8 ноября,S4,Alinur Burlybayev,3,3,10,1,1,15,806,249,45,1055,294,761
W8,Релизная форма,2–8 ноября,S5,Olzhas Nurseit,3,10,28,3,1,42,4343,1074,135,5417,1209,4208
W9,Проверка,9–15 ноября,S1,Ansar Zeinulla,1,1,2,0,0,3,318,69,0,387,69,318
W9,Проверка,9–15 ноября,S2,Alibi Takhtanov,1,0,2,0,0,2,276,118,0,394,118,276
W9,Проверка,9–15 ноября,S3,Abylay Otaubay,2,3,5,0,0,8,1095,410,0,1505,410,1095
W9,Проверка,9–15 ноября,S4,Alinur Burlybayev,1,0,2,0,0,2,221,95,0,316,95,221
W9,Проверка,9–15 ноября,S5,Olzhas Nurseit,3,27,13,0,0,40,12450,142,0,12592,142,12450
W10,Документация и релиз,16–22 ноября,S1,Ansar Zeinulla,1,0,12,0,0,12,312,134,0,446,134,312
W10,Документация и релиз,16–22 ноября,S2,Alibi Takhtanov,1,0,1,0,0,1,58,25,0,83,25,58
W10,Документация и релиз,16–22 ноября,S3,Abylay Otaubay,1,0,1,0,0,1,59,26,0,85,26,59
W10,Документация и релиз,16–22 ноября,S4,Alinur Burlybayev,0,0,0,0,0,0,0,0,0,0,0,0
W10,Документация и релиз,16–22 ноября,S5,Olzhas Nurseit,2,0,2,0,0,2,60,26,0,86,26,60
